-- MySQL dump 10.13  Distrib 8.0.26, for Linux (x86_64)
--
-- Host: 167.71.209.103    Database: chat-app
-- ------------------------------------------------------
-- Server version	8.0.26-0ubuntu0.20.04.2

/*!40101 SET @OLD_CHARACTER_SET_CLIENT=@@CHARACTER_SET_CLIENT */;
/*!40101 SET @OLD_CHARACTER_SET_RESULTS=@@CHARACTER_SET_RESULTS */;
/*!40101 SET @OLD_COLLATION_CONNECTION=@@COLLATION_CONNECTION */;
/*!50503 SET NAMES utf8mb4 */;
/*!40103 SET @OLD_TIME_ZONE=@@TIME_ZONE */;
/*!40103 SET TIME_ZONE='+00:00' */;
/*!40014 SET @OLD_UNIQUE_CHECKS=@@UNIQUE_CHECKS, UNIQUE_CHECKS=0 */;
/*!40014 SET @OLD_FOREIGN_KEY_CHECKS=@@FOREIGN_KEY_CHECKS, FOREIGN_KEY_CHECKS=0 */;
/*!40101 SET @OLD_SQL_MODE=@@SQL_MODE, SQL_MODE='NO_AUTO_VALUE_ON_ZERO' */;
/*!40111 SET @OLD_SQL_NOTES=@@SQL_NOTES, SQL_NOTES=0 */;

--
-- Table structure for table `chat_box`
--

DROP TABLE IF EXISTS `chat_box`;
/*!40101 SET @saved_cs_client     = @@character_set_client */;
/*!50503 SET character_set_client = utf8mb4 */;
CREATE TABLE `chat_box` (
  `id` bigint NOT NULL AUTO_INCREMENT,
  `created_at` timestamp NULL DEFAULT CURRENT_TIMESTAMP,
  `updated_at` timestamp NULL DEFAULT CURRENT_TIMESTAMP ON UPDATE CURRENT_TIMESTAMP,
  `is_group` bit(1) DEFAULT NULL,
  `name` varchar(255) DEFAULT NULL,
  `image` json DEFAULT NULL,
  PRIMARY KEY (`id`)
) ENGINE=InnoDB AUTO_INCREMENT=3 DEFAULT CHARSET=utf8mb4 COLLATE=utf8mb4_0900_ai_ci;
/*!40101 SET character_set_client = @saved_cs_client */;

--
-- Dumping data for table `chat_box`
--

LOCK TABLES `chat_box` WRITE;
/*!40000 ALTER TABLE `chat_box` DISABLE KEYS */;
INSERT INTO `chat_box` VALUES (1,NULL,'2021-08-17 18:39:58',_binary '\0',NULL,NULL),(2,NULL,'2021-08-17 23:46:41',_binary '\0',NULL,NULL);
/*!40000 ALTER TABLE `chat_box` ENABLE KEYS */;
UNLOCK TABLES;

--
-- Table structure for table `friend`
--

DROP TABLE IF EXISTS `friend`;
/*!40101 SET @saved_cs_client     = @@character_set_client */;
/*!50503 SET character_set_client = utf8mb4 */;
CREATE TABLE `friend` (
  `user_id_1` bigint NOT NULL,
  `user_id_2` bigint NOT NULL,
  `created_at` timestamp NULL DEFAULT CURRENT_TIMESTAMP,
  `updated_at` timestamp NULL DEFAULT CURRENT_TIMESTAMP ON UPDATE CURRENT_TIMESTAMP,
  `confirmed` tinyint(1) DEFAULT '0',
  `blocking_id` bigint DEFAULT NULL,
  `id` bigint NOT NULL AUTO_INCREMENT,
  PRIMARY KEY (`id`),
  KEY `friends_FK` (`user_id_1`),
  KEY `friends_FK_1` (`user_id_2`),
  CONSTRAINT `friends_FK` FOREIGN KEY (`user_id_1`) REFERENCES `user` (`id`),
  CONSTRAINT `friends_FK_1` FOREIGN KEY (`user_id_2`) REFERENCES `user` (`id`)
) ENGINE=InnoDB AUTO_INCREMENT=4 DEFAULT CHARSET=utf8mb4 COLLATE=utf8mb4_0900_ai_ci;
/*!40101 SET character_set_client = @saved_cs_client */;

--
-- Dumping data for table `friend`
--

LOCK TABLES `friend` WRITE;
/*!40000 ALTER TABLE `friend` DISABLE KEYS */;
INSERT INTO `friend` VALUES (1,2,'2021-09-02 09:31:53','2021-09-02 09:35:29',1,NULL,2),(1,3,'2021-09-02 09:36:05','2021-09-02 09:36:46',1,NULL,3);
/*!40000 ALTER TABLE `friend` ENABLE KEYS */;
UNLOCK TABLES;

--
-- Table structure for table `media`
--

DROP TABLE IF EXISTS `media`;
/*!40101 SET @saved_cs_client     = @@character_set_client */;
/*!50503 SET character_set_client = utf8mb4 */;
CREATE TABLE `media` (
  `id` bigint NOT NULL AUTO_INCREMENT,
  `created_at` timestamp NULL DEFAULT CURRENT_TIMESTAMP,
  `updated_at` timestamp NULL DEFAULT CURRENT_TIMESTAMP ON UPDATE CURRENT_TIMESTAMP,
  `content_type` varchar(255) DEFAULT NULL,
  `name` varchar(255) DEFAULT NULL,
  `url` varchar(255) DEFAULT NULL,
  `chatbox_id` bigint DEFAULT NULL,
  PRIMARY KEY (`id`),
  KEY `media_FK` (`chatbox_id`),
  CONSTRAINT `media_FK` FOREIGN KEY (`chatbox_id`) REFERENCES `chat_box` (`id`)
) ENGINE=InnoDB AUTO_INCREMENT=29 DEFAULT CHARSET=utf8mb4 COLLATE=utf8mb4_0900_ai_ci;
/*!40101 SET character_set_client = @saved_cs_client */;

--
-- Dumping data for table `media`
--

LOCK TABLES `media` WRITE;
/*!40000 ALTER TABLE `media` DISABLE KEYS */;
INSERT INTO `media` VALUES (1,'2021-08-15 08:00:59','2021-08-15 08:00:59','jpg','avatar_1.jpg','/images/20210815/avatar_1.jpg',NULL),(2,'2021-08-15 15:45:09','2021-08-15 15:45:09','jpg','avatar_2.jpg','/images/20210815/avatar_2.jpg',NULL),(3,'2021-08-22 22:37:07','2021-08-22 22:37:07','jpg','image_picker1163228467634360105.jpg','/images/20210822/image_picker1163228467634360105.jpg',NULL),(4,'2021-08-23 15:07:51','2021-08-23 15:07:51','jpg','image_picker4209753965902440003.jpg','/images/20210823/image_picker4209753965902440003.jpg',NULL),(5,'2021-08-23 15:09:50','2021-08-23 15:09:50','jpg','image_picker3443800192048146989.jpg','/images/20210823/image_picker3443800192048146989.jpg',NULL),(6,'2021-08-24 20:33:43','2021-08-24 20:33:43','mp4','video_test.mp4','/images/20210824/video_test.mp4',NULL),(7,'2021-08-27 21:18:40','2021-08-27 21:18:40','jpg','CAP7508899540016653996.jpg','/images/20210827/CAP7508899540016653996.jpg',NULL),(8,'2021-08-27 21:24:35','2021-08-27 21:24:35','jpg','CAP4071041398632213071.jpg','/images/20210827/CAP4071041398632213071.jpg',NULL),(9,'2021-08-27 21:26:41','2021-08-27 21:26:41','jpg','image_picker8621167222291709394.jpg','/images/20210827/image_picker8621167222291709394.jpg',NULL),(10,'2021-08-27 21:51:24','2021-08-27 21:51:24','jpg','CAP4691480601378112807.jpg','/images/20210827/CAP4691480601378112807.jpg',NULL),(11,'2021-08-27 22:00:13','2021-08-27 22:00:13','jpg','image_picker4164353695303339100.jpg','/images/20210827/image_picker4164353695303339100.jpg',NULL),(12,'2021-08-27 22:17:22','2021-08-27 22:17:22','jpg','image_picker1500419303340784915.jpg','/images/20210827/image_picker1500419303340784915.jpg',NULL),(13,'2021-08-27 23:03:28','2021-08-27 23:03:28','mp4','8039e194-b17a-41a1-a0ea-bc54254723114488872639501552890.mp4','/images/20210827/8039e194-b17a-41a1-a0ea-bc54254723114488872639501552890.mp4',NULL),(14,'2021-08-27 23:04:31','2021-08-27 23:04:31','mp4','image_picker316501795761874672.jpg','/images/20210827/image_picker316501795761874672.jpg',NULL),(15,'2021-08-27 23:06:22','2021-08-27 23:06:22','mp4','image_picker7229355828039573852.jpg','/images/20210827/image_picker7229355828039573852.jpg',NULL),(16,'2021-08-27 23:09:51','2021-08-27 23:09:51','mp4','image_picker3686828107942634007.jpg','/images/20210827/image_picker3686828107942634007.jpg',NULL),(17,'2021-08-27 23:13:06','2021-08-27 23:13:06','mp4','image_picker7599654879179191121.jpg','/images/20210827/image_picker7599654879179191121.jpg',NULL),(18,'2021-08-27 23:15:22','2021-08-27 23:15:22','mp4','image_picker4174249871202717404.jpg','/images/20210827/image_picker4174249871202717404.jpg',NULL),(19,'2021-08-27 23:20:00','2021-08-27 23:20:00','mp4','image_picker1778221030767417552.jpg','/images/20210827/image_picker1778221030767417552.jpg',NULL),(20,'2021-08-27 23:24:19','2021-08-27 23:24:19','mp4','image_picker3491345747974247791.jpg','/images/20210827/image_picker3491345747974247791.jpg',NULL),(21,'2021-08-27 23:34:08','2021-08-27 23:34:08','mp4','image_picker5777168323582587871.jpg','/images/20210827/image_picker5777168323582587871.jpg',NULL),(22,'2021-08-27 23:34:36','2021-08-27 23:34:36','mp4','4c3e84cb-5fe8-49e2-8627-ce22fc955b788131023541355891832.mp4','/images/20210827/4c3e84cb-5fe8-49e2-8627-ce22fc955b788131023541355891832.mp4',NULL),(23,'2021-08-27 23:39:24','2021-08-27 23:39:24','mp4','image_picker7444955120247516293.jpg','/images/20210827/image_picker7444955120247516293.jpg',NULL),(24,'2021-08-27 23:48:48','2021-08-27 23:48:48','mp4','20210822_094040_05.mp4','/images/20210827/20210822_094040_05.mp4',NULL),(25,'2021-08-28 08:24:15','2021-08-28 08:24:15','jpg','image_picker1034538138257644391.jpg','/images/20210828/image_picker1034538138257644391.jpg',NULL),(26,'2021-08-28 08:25:17','2021-08-28 08:25:17','mp4','Screen_Recording_20210823-151113.mp4','/images/20210828/Screen_Recording_20210823-151113.mp4',NULL),(27,'2021-08-28 08:29:23','2021-08-28 08:29:23','jpg','image_picker1799655838621288561.jpg','/images/20210828/image_picker1799655838621288561.jpg',NULL),(28,'2021-08-28 08:44:27','2021-08-28 08:44:27','mp4','d4aeb396-c150-4140-87a6-a2fa8eea676b671115101907639193.mp4','/images/20210828/d4aeb396-c150-4140-87a6-a2fa8eea676b671115101907639193.mp4',NULL);
/*!40000 ALTER TABLE `media` ENABLE KEYS */;
UNLOCK TABLES;

--
-- Table structure for table `message`
--

DROP TABLE IF EXISTS `message`;
/*!40101 SET @saved_cs_client     = @@character_set_client */;
/*!50503 SET character_set_client = utf8mb4 */;
CREATE TABLE `message` (
  `id` bigint NOT NULL AUTO_INCREMENT,
  `created_at` timestamp NULL DEFAULT CURRENT_TIMESTAMP,
  `updated_at` timestamp NULL DEFAULT CURRENT_TIMESTAMP ON UPDATE CURRENT_TIMESTAMP,
  `content` varchar(255) DEFAULT NULL,
  `media_id` bigint DEFAULT NULL,
  `sender_id` bigint DEFAULT NULL,
  `reply_id` bigint DEFAULT NULL,
  PRIMARY KEY (`id`),
  KEY `FKnkbwo9ai8uia66e8r0uaj6acl` (`sender_id`),
  KEY `FKqv4xae3l4o697y2mjfrfwr8oy` (`media_id`),
  KEY `message_FK` (`reply_id`),
  CONSTRAINT `FKnkbwo9ai8uia66e8r0uaj6acl` FOREIGN KEY (`sender_id`) REFERENCES `messenger` (`id`),
  CONSTRAINT `FKqv4xae3l4o697y2mjfrfwr8oy` FOREIGN KEY (`media_id`) REFERENCES `media` (`id`),
  CONSTRAINT `message_FK` FOREIGN KEY (`reply_id`) REFERENCES `message` (`id`)
) ENGINE=InnoDB AUTO_INCREMENT=130 DEFAULT CHARSET=utf8mb4 COLLATE=utf8mb4_0900_ai_ci;
/*!40101 SET character_set_client = @saved_cs_client */;

--
-- Dumping data for table `message`
--

LOCK TABLES `message` WRITE;
/*!40000 ALTER TABLE `message` DISABLE KEYS */;
INSERT INTO `message` VALUES (23,'2021-08-17 18:39:58','2021-08-17 18:39:58','he va lo',NULL,1,NULL),(24,'2021-08-17 18:41:55','2021-08-17 18:41:55','chao ban nhe',NULL,2,NULL),(25,'2021-08-17 22:46:18','2021-08-17 22:46:18','chao',NULL,2,NULL),(26,'2021-08-17 22:46:30','2021-08-17 22:46:30','oki ban',NULL,1,NULL),(27,'2021-08-17 22:50:11','2021-09-02 10:02:16','haha',NULL,2,24),(28,'2021-08-17 23:13:03','2021-08-17 23:13:03','hello',NULL,1,NULL),(29,'2021-08-17 23:46:41','2021-08-17 23:46:41','Xach ba lo va di',NULL,4,NULL),(30,'2021-08-17 23:46:49','2021-08-17 23:46:49','haha',NULL,4,NULL),(31,'2021-08-17 23:47:04','2021-08-17 23:47:04','hi',NULL,1,NULL),(32,'2021-08-17 23:49:41','2021-08-17 23:49:41','hihi',NULL,4,NULL),(33,'2021-08-17 23:54:24','2021-08-17 23:54:24','hahahahaha',NULL,4,NULL),(34,'2021-08-17 23:54:35','2021-08-17 23:54:35','nho cai mat may nhe',NULL,1,NULL),(35,'2021-08-17 23:58:19','2021-08-17 23:58:19','helo va lo',NULL,1,NULL),(36,'2021-08-17 23:58:26','2021-08-17 23:58:26','a',NULL,1,NULL),(37,'2021-08-17 23:58:33','2021-08-17 23:58:33','kkkkk',NULL,4,NULL),(38,'2021-08-18 11:13:36','2021-08-18 11:13:36','hihi',NULL,1,NULL),(39,'2021-08-18 23:00:26','2021-08-18 23:00:26','hello',NULL,2,NULL),(40,'2021-08-18 23:01:45','2021-08-18 23:01:45','hahaa',NULL,2,NULL),(41,'2021-08-18 23:02:25','2021-08-18 23:02:25','eeee',NULL,2,NULL),(42,'2021-08-18 23:02:42','2021-08-18 23:02:42','eeeeee',NULL,2,NULL),(43,'2021-08-18 23:02:50','2021-08-18 23:02:50','eeee',NULL,2,NULL),(44,'2021-08-18 23:02:58','2021-08-18 23:02:58','eeeesadsd',NULL,2,NULL),(45,'2021-08-18 23:15:20','2021-08-18 23:15:20','haha',NULL,2,NULL),(46,'2021-08-18 23:15:27','2021-08-18 23:15:27','sds',NULL,2,NULL),(47,'2021-08-18 23:16:20','2021-08-18 23:16:20','haha',NULL,2,NULL),(48,'2021-08-18 23:18:10','2021-08-18 23:18:10','123456',NULL,2,NULL),(49,'2021-08-18 23:18:38','2021-08-18 23:18:38','haha',NULL,2,NULL),(50,'2021-08-18 23:21:19','2021-08-18 23:21:19','hi',NULL,2,NULL),(51,'2021-08-18 23:22:23','2021-08-18 23:22:23','haha',NULL,2,NULL),(52,'2021-08-18 23:24:49','2021-08-18 23:24:49','hello',NULL,1,NULL),(53,'2021-08-18 23:26:22','2021-08-18 23:26:22','haha',NULL,2,NULL),(54,'2021-08-18 23:30:19','2021-08-18 23:30:19','the a',NULL,2,NULL),(55,'2021-08-18 23:32:17','2021-08-18 23:32:17','hahaaaaaa',NULL,2,NULL),(56,'2021-08-18 23:37:24','2021-08-18 23:37:24','hoho',NULL,2,NULL),(57,'2021-08-19 00:17:26','2021-08-19 00:17:26','haha',NULL,1,NULL),(58,'2021-08-19 00:20:30','2021-08-19 00:20:30','hahaha',NULL,1,NULL),(59,'2021-08-19 00:26:50','2021-08-19 00:26:50','yo',NULL,1,NULL),(60,'2021-08-19 00:28:51','2021-08-19 00:28:51','ha',NULL,1,NULL),(61,'2021-08-19 21:33:35','2021-08-19 21:33:35','test',NULL,2,NULL),(62,'2021-08-19 21:34:32','2021-08-19 21:34:32','testtt',NULL,2,NULL),(63,'2021-08-19 21:36:00','2021-08-19 21:36:00','testtt',NULL,2,NULL),(64,'2021-08-19 21:38:14','2021-08-19 21:38:14','hello',NULL,1,NULL),(65,'2021-08-19 21:39:00','2021-08-19 21:39:00','abc',NULL,1,NULL),(66,'2021-08-19 21:39:02','2021-08-19 21:39:02','dyz',NULL,1,NULL),(67,'2021-08-19 22:06:21','2021-08-19 22:06:21','xach ba lo va di',NULL,2,NULL),(68,'2021-08-20 23:33:10','2021-08-20 23:33:10','hello',NULL,1,NULL),(69,'2021-08-20 23:33:44','2021-08-20 23:33:44','hahahaha',NULL,1,NULL),(70,'2021-08-20 23:37:03','2021-08-20 23:37:03','chao bạn nhé',NULL,1,NULL),(71,'2021-08-20 23:38:07','2021-08-20 23:38:07','hi',NULL,1,NULL),(72,'2021-08-20 23:38:24','2021-08-20 23:38:24','sàefe',NULL,1,NULL),(73,'2021-08-20 23:41:42','2021-08-20 23:41:42','xin chao',NULL,2,NULL),(74,'2021-08-20 23:41:52','2021-08-20 23:41:52','xin chao',NULL,1,NULL),(75,'2021-08-20 23:49:52','2021-08-20 23:49:52','hello',NULL,2,NULL),(76,'2021-08-20 23:50:01','2021-08-20 23:50:01','oke bạn',NULL,1,NULL),(77,'2021-08-20 23:50:07','2021-08-20 23:50:07','haa',NULL,1,NULL),(78,'2021-08-20 23:50:12','2021-08-20 23:50:12','rfd',NULL,1,NULL),(79,'2021-08-20 23:50:26','2021-08-20 23:50:26','egegr',NULL,1,NULL),(80,'2021-08-20 23:52:26','2021-08-20 23:52:26','a the a',NULL,2,NULL),(81,'2021-08-20 23:52:33','2021-08-20 23:52:33','m lam sao',NULL,2,NULL),(82,'2021-08-20 23:52:55','2021-08-20 23:52:55','chaooo',NULL,1,NULL),(83,'2021-08-21 00:06:10','2021-08-21 00:06:10','ok ban, chao ban cua toi nhe',NULL,2,NULL),(84,'2021-08-21 00:06:45','2021-08-21 00:06:45','e',NULL,1,NULL),(85,'2021-08-21 00:09:38','2021-08-21 00:09:38','eooo',NULL,2,NULL),(86,'2021-08-21 00:12:18','2021-08-21 00:12:18','heloooooooo',NULL,2,NULL),(87,'2021-08-21 00:19:11','2021-08-21 00:19:11','haha',NULL,2,NULL),(88,'2021-08-21 00:20:08','2021-08-21 00:20:08','hi',NULL,1,NULL),(89,'2021-08-21 00:20:14','2021-08-21 00:20:14','ok day',NULL,2,NULL),(90,'2021-08-21 00:20:27','2021-08-21 00:20:27','the bay gio thi sao',NULL,2,NULL),(91,'2021-08-21 00:21:10','2021-08-21 00:21:10','seen roi a',NULL,2,NULL),(92,'2021-08-21 00:21:19','2021-08-21 00:21:19','tu ki me mat',NULL,2,NULL),(93,'2021-08-21 00:37:30','2021-08-21 00:37:30','haha',NULL,2,NULL),(94,'2021-08-21 15:35:21','2021-08-21 15:35:21','kakaka',NULL,2,NULL),(95,'2021-08-22 14:48:14','2021-08-22 14:48:14','hê và lô nhé',NULL,2,NULL),(97,'2021-08-22 17:06:43','2021-08-22 17:06:43','âhhaa',NULL,2,NULL),(98,'2021-08-22 21:48:23','2021-08-22 21:48:23','helo',NULL,2,NULL),(99,'2021-08-22 22:37:07','2021-08-22 22:37:07',NULL,3,2,NULL),(100,'2021-08-23 15:07:51','2021-08-23 15:07:51',NULL,4,2,NULL),(101,'2021-08-23 15:09:50','2021-08-23 15:09:50',NULL,5,1,NULL),(102,'2021-08-23 15:09:50','2021-08-23 15:09:50',NULL,6,1,NULL),(103,'2021-08-27 21:18:40','2021-08-27 21:18:40',NULL,7,2,NULL),(104,'2021-08-27 21:24:35','2021-08-27 21:24:35',NULL,8,2,NULL),(105,'2021-08-27 21:26:42','2021-08-27 21:26:42',NULL,9,2,NULL),(106,'2021-08-27 21:51:24','2021-08-27 21:51:24',NULL,10,2,NULL),(107,'2021-08-27 22:00:13','2021-08-27 22:00:13',NULL,11,2,NULL),(108,'2021-08-27 22:17:22','2021-08-27 22:17:22',NULL,12,2,NULL),(109,'2021-08-27 23:03:28','2021-08-27 23:03:28',NULL,13,2,NULL),(110,'2021-08-27 23:04:31','2021-08-27 23:04:31',NULL,14,2,NULL),(111,'2021-08-27 23:06:22','2021-08-27 23:06:22',NULL,15,2,NULL),(112,'2021-08-27 23:09:51','2021-08-27 23:09:51',NULL,16,2,NULL),(113,'2021-08-27 23:13:06','2021-08-27 23:13:06',NULL,17,2,NULL),(114,'2021-08-27 23:15:23','2021-08-27 23:15:23',NULL,18,2,NULL),(115,'2021-08-27 23:20:01','2021-08-27 23:20:01',NULL,19,2,NULL),(116,'2021-08-27 23:24:19','2021-08-27 23:24:19',NULL,20,2,NULL),(117,'2021-08-27 23:34:08','2021-08-27 23:34:08',NULL,21,2,NULL),(118,'2021-08-27 23:34:36','2021-08-27 23:34:36',NULL,22,2,NULL),(119,'2021-08-27 23:39:24','2021-08-27 23:39:24',NULL,23,2,NULL),(120,'2021-08-27 23:48:48','2021-08-27 23:48:48',NULL,24,2,NULL),(121,'2021-08-28 08:24:15','2021-08-28 08:24:15',NULL,25,2,NULL),(122,'2021-08-28 08:25:18','2021-08-28 08:25:18',NULL,26,2,NULL),(123,'2021-08-28 08:29:24','2021-08-28 08:29:24',NULL,27,2,NULL),(124,'2021-08-28 08:37:47','2021-08-28 08:37:47','helo',NULL,2,NULL),(125,'2021-08-28 08:38:22','2021-08-28 08:38:22','hihi',NULL,2,NULL),(126,'2021-08-28 08:40:32','2021-08-28 08:40:32','haha',NULL,2,NULL),(127,'2021-08-28 08:41:52','2021-08-28 08:41:52','chào bạn nha',NULL,2,NULL),(128,'2021-08-28 08:41:56','2021-08-28 08:41:56','?',NULL,2,NULL),(129,'2021-08-28 08:44:27','2021-08-28 08:44:27',NULL,28,2,NULL);
/*!40000 ALTER TABLE `message` ENABLE KEYS */;
UNLOCK TABLES;

--
-- Table structure for table `message_detail`
--

DROP TABLE IF EXISTS `message_detail`;
/*!40101 SET @saved_cs_client     = @@character_set_client */;
/*!50503 SET character_set_client = utf8mb4 */;
CREATE TABLE `message_detail` (
  `id` bigint NOT NULL AUTO_INCREMENT,
  `created_at` timestamp NULL DEFAULT CURRENT_TIMESTAMP,
  `updated_at` timestamp NULL DEFAULT CURRENT_TIMESTAMP ON UPDATE CURRENT_TIMESTAMP,
  `reaction_id` bigint DEFAULT NULL,
  `seen` tinyint(1) DEFAULT NULL,
  `message_id` bigint DEFAULT NULL,
  PRIMARY KEY (`id`),
  UNIQUE KEY `seen_by_message_index` (`seen`,`message_id`),
  UNIQUE KEY `reaction_seen_by_message_index` (`reaction_id`,`seen`,`message_id`),
  KEY `FK95bgockxqmvika6y10cdued93` (`message_id`),
  CONSTRAINT `FK79cg7knn9ysdmelh1j3sk0pc6` FOREIGN KEY (`reaction_id`) REFERENCES `reaction` (`id`),
  CONSTRAINT `FK95bgockxqmvika6y10cdued93` FOREIGN KEY (`message_id`) REFERENCES `message` (`id`)
) ENGINE=InnoDB AUTO_INCREMENT=219 DEFAULT CHARSET=utf8mb4 COLLATE=utf8mb4_0900_ai_ci;
/*!40101 SET character_set_client = @saved_cs_client */;

--
-- Dumping data for table `message_detail`
--

LOCK TABLES `message_detail` WRITE;
/*!40000 ALTER TABLE `message_detail` DISABLE KEYS */;
INSERT INTO `message_detail` VALUES (12,'2021-08-17 18:39:58','2021-08-17 18:39:58',NULL,1,23),(13,'2021-08-17 18:41:55','2021-08-17 18:41:55',NULL,2,24),(14,'2021-08-17 22:46:18','2021-08-17 22:46:18',NULL,2,25),(15,'2021-08-17 22:46:30','2021-08-17 22:46:30',NULL,1,26),(16,'2021-08-17 22:50:11','2021-08-17 22:50:11',NULL,2,27),(17,'2021-08-17 23:13:03','2021-08-17 23:13:03',NULL,1,28),(18,'2021-08-17 23:46:41','2021-08-17 23:46:41',NULL,4,29),(19,'2021-08-17 23:46:49','2021-08-17 23:46:49',NULL,4,30),(20,'2021-08-17 23:47:04','2021-08-17 23:47:04',NULL,1,31),(21,'2021-08-17 23:49:41','2021-08-17 23:49:41',NULL,4,32),(22,'2021-08-17 23:54:24','2021-08-17 23:54:24',NULL,4,33),(23,'2021-08-17 23:54:35','2021-08-17 23:54:35',NULL,1,34),(24,'2021-08-17 23:58:19','2021-08-17 23:58:19',NULL,1,35),(25,'2021-08-17 23:58:26','2021-08-17 23:58:26',NULL,1,36),(26,'2021-08-17 23:58:33','2021-08-17 23:58:33',NULL,4,37),(27,'2021-08-18 11:13:36','2021-08-18 11:13:36',NULL,1,38),(28,'2021-08-18 12:21:34','2021-08-18 12:21:34',NULL,2,28),(29,'2021-08-18 12:21:34','2021-08-18 12:21:34',NULL,2,31),(30,'2021-08-18 12:21:34','2021-08-18 12:21:34',NULL,2,34),(31,'2021-08-18 12:21:34','2021-08-18 12:21:34',NULL,2,35),(32,'2021-08-18 12:21:34','2021-08-18 12:21:34',NULL,2,36),(33,'2021-08-18 12:21:34','2021-08-18 12:21:34',NULL,2,38),(34,'2021-08-18 23:00:27','2021-08-18 23:00:27',NULL,2,39),(35,'2021-08-18 23:00:30','2021-08-18 23:00:30',NULL,1,39),(36,'2021-08-18 23:01:45','2021-08-18 23:01:45',NULL,2,40),(37,'2021-08-18 23:01:47','2021-08-18 23:01:47',NULL,1,40),(38,'2021-08-18 23:02:25','2021-08-18 23:02:25',NULL,2,41),(39,'2021-08-18 23:02:29','2021-08-18 23:02:29',NULL,1,41),(40,'2021-08-18 23:02:42','2021-08-18 23:02:42',NULL,2,42),(41,'2021-08-18 23:02:50','2021-08-18 23:02:50',NULL,2,43),(42,'2021-08-18 23:02:58','2021-08-18 23:02:58',NULL,2,44),(43,'2021-08-18 23:03:03','2021-08-18 23:03:03',NULL,1,44),(44,'2021-08-18 23:03:03','2021-08-18 23:03:03',NULL,1,43),(45,'2021-08-18 23:03:03','2021-08-18 23:03:03',NULL,1,42),(46,'2021-08-18 23:15:20','2021-08-18 23:15:20',NULL,2,45),(47,'2021-08-18 23:15:27','2021-08-18 23:15:27',NULL,2,46),(48,'2021-08-18 23:16:20','2021-08-18 23:16:20',NULL,2,47),(49,'2021-08-18 23:18:10','2021-08-18 23:18:10',NULL,2,48),(50,'2021-08-18 23:18:38','2021-08-18 23:18:38',NULL,2,49),(51,'2021-08-18 23:21:19','2021-08-18 23:21:19',NULL,2,50),(52,'2021-08-18 23:22:23','2021-08-18 23:22:23',NULL,2,51),(53,'2021-08-18 23:22:31','2021-08-18 23:22:31',NULL,1,51),(54,'2021-08-18 23:22:31','2021-08-18 23:22:31',NULL,1,50),(55,'2021-08-18 23:22:31','2021-08-18 23:22:31',NULL,1,49),(56,'2021-08-18 23:22:31','2021-08-18 23:22:31',NULL,1,48),(57,'2021-08-18 23:22:31','2021-08-18 23:22:31',NULL,1,47),(58,'2021-08-18 23:22:31','2021-08-18 23:22:31',NULL,1,46),(59,'2021-08-18 23:22:31','2021-08-18 23:22:31',NULL,1,45),(60,'2021-08-18 23:24:49','2021-08-18 23:24:49',NULL,1,52),(61,'2021-08-18 23:24:52','2021-08-18 23:24:52',NULL,2,52),(62,'2021-08-18 23:26:22','2021-08-18 23:26:22',NULL,2,53),(63,'2021-08-18 23:26:28','2021-08-18 23:26:28',NULL,1,53),(64,'2021-08-18 23:30:19','2021-08-18 23:30:19',NULL,2,54),(65,'2021-08-18 23:30:22','2021-08-18 23:30:22',NULL,1,54),(66,'2021-08-18 23:32:17','2021-08-18 23:32:17',NULL,2,55),(67,'2021-08-18 23:32:19','2021-08-18 23:32:19',NULL,1,55),(68,'2021-08-18 23:37:24','2021-08-18 23:37:24',NULL,2,56),(69,'2021-08-18 23:37:25','2021-08-18 23:37:25',NULL,1,56),(70,'2021-08-19 00:17:26','2021-08-19 00:17:26',NULL,1,57),(71,'2021-08-19 00:17:31','2021-08-19 00:17:31',NULL,2,57),(72,'2021-08-19 00:20:30','2021-08-19 00:20:30',NULL,1,58),(73,'2021-08-19 00:20:56','2021-08-19 00:20:56',NULL,2,58),(74,'2021-08-19 00:26:50','2021-08-19 00:26:50',NULL,1,59),(75,'2021-08-19 00:26:52','2021-08-19 00:26:52',NULL,2,59),(76,'2021-08-19 00:28:51','2021-08-19 00:28:51',NULL,1,60),(77,'2021-08-19 00:28:53','2021-08-19 00:28:53',NULL,2,60),(78,'2021-08-19 21:33:35','2021-08-19 21:33:35',NULL,2,61),(79,'2021-08-19 21:33:40','2021-08-19 21:33:40',NULL,1,61),(80,'2021-08-19 21:34:32','2021-08-19 21:34:32',NULL,2,62),(81,'2021-08-19 21:34:34','2021-08-19 21:34:34',NULL,1,62),(82,'2021-08-19 21:36:00','2021-08-19 21:36:00',NULL,2,63),(83,'2021-08-19 21:36:07','2021-08-19 21:36:07',NULL,1,63),(84,'2021-08-19 21:38:14','2021-08-19 21:38:14',NULL,1,64),(85,'2021-08-19 21:38:26','2021-08-19 21:38:26',NULL,2,64),(86,'2021-08-19 21:39:00','2021-08-19 21:39:00',NULL,1,65),(87,'2021-08-19 21:39:02','2021-08-19 21:39:02',NULL,1,66),(88,'2021-08-19 21:39:06','2021-08-19 21:39:06',NULL,2,66),(89,'2021-08-19 21:39:06','2021-08-19 21:39:06',NULL,2,65),(90,'2021-08-19 22:06:21','2021-08-19 22:06:21',NULL,2,67),(91,'2021-08-19 22:08:27','2021-08-19 22:08:27',NULL,1,67),(92,'2021-08-20 23:33:10','2021-08-20 23:33:10',NULL,1,68),(93,'2021-08-20 23:33:14','2021-08-20 23:33:14',NULL,2,68),(94,'2021-08-20 23:33:44','2021-08-20 23:33:44',NULL,1,69),(95,'2021-08-20 23:33:48','2021-08-20 23:33:48',NULL,2,69),(96,'2021-08-20 23:37:03','2021-08-20 23:37:03',NULL,1,70),(97,'2021-08-20 23:37:32','2021-08-20 23:37:32',NULL,2,70),(98,'2021-08-20 23:38:07','2021-08-20 23:38:07',NULL,1,71),(99,'2021-08-20 23:38:09','2021-08-20 23:38:09',NULL,2,71),(100,'2021-08-20 23:38:24','2021-08-20 23:38:24',NULL,1,72),(101,'2021-08-20 23:38:26','2021-08-20 23:38:26',NULL,2,72),(102,'2021-08-20 23:41:42','2021-08-20 23:41:42',NULL,2,73),(103,'2021-08-20 23:41:44','2021-08-20 23:41:44',NULL,1,73),(104,'2021-08-20 23:41:52','2021-08-20 23:41:52',NULL,1,74),(105,'2021-08-20 23:42:37','2021-08-20 23:42:37',NULL,2,74),(106,'2021-08-20 23:49:52','2021-08-20 23:49:52',NULL,2,75),(107,'2021-08-20 23:49:52','2021-08-20 23:49:52',NULL,1,75),(108,'2021-08-20 23:50:01','2021-08-20 23:50:01',NULL,1,76),(109,'2021-08-20 23:50:01','2021-08-20 23:50:01',NULL,2,76),(110,'2021-08-20 23:50:07','2021-08-20 23:50:07',NULL,1,77),(111,'2021-08-20 23:50:07','2021-08-20 23:50:07',NULL,2,77),(112,'2021-08-20 23:50:12','2021-08-20 23:50:12',NULL,1,78),(113,'2021-08-20 23:50:12','2021-08-20 23:50:12',NULL,2,78),(114,'2021-08-20 23:50:26','2021-08-20 23:50:26',NULL,1,79),(115,'2021-08-20 23:50:26','2021-08-20 23:50:26',NULL,2,79),(116,'2021-08-20 23:52:26','2021-08-20 23:52:26',NULL,2,80),(117,'2021-08-20 23:52:26','2021-08-20 23:52:26',NULL,1,80),(118,'2021-08-20 23:52:33','2021-08-20 23:52:33',NULL,2,81),(119,'2021-08-20 23:52:37','2021-08-20 23:52:37',NULL,1,81),(120,'2021-08-20 23:52:55','2021-08-20 23:52:55',NULL,1,82),(121,'2021-08-20 23:52:58','2021-08-20 23:52:58',NULL,2,82),(122,'2021-08-21 00:06:10','2021-08-28 08:17:33',2,2,83),(123,'2021-08-21 00:06:16','2021-08-21 22:21:10',NULL,1,83),(124,'2021-08-21 00:06:45','2021-08-21 00:06:45',NULL,1,84),(125,'2021-08-21 00:06:46','2021-08-21 00:06:46',NULL,2,84),(126,'2021-08-21 00:09:38','2021-08-21 22:11:29',NULL,2,85),(127,'2021-08-21 00:09:42','2021-08-21 00:09:42',NULL,1,85),(128,'2021-08-21 00:12:18','2021-08-22 14:53:30',2,2,86),(129,'2021-08-21 00:12:23','2021-08-21 00:12:23',NULL,1,86),(130,'2021-08-21 00:19:11','2021-08-22 14:48:37',NULL,2,87),(131,'2021-08-21 00:19:17','2021-08-21 00:19:17',NULL,1,87),(132,'2021-08-21 00:20:08','2021-08-21 00:20:08',NULL,1,88),(133,'2021-08-21 00:20:08','2021-08-21 22:20:51',2,2,88),(134,'2021-08-21 00:20:14','2021-08-21 00:20:14',NULL,2,89),(135,'2021-08-21 00:20:14','2021-08-21 22:20:55',2,1,89),(136,'2021-08-21 00:20:27','2021-08-21 00:20:27',NULL,2,90),(137,'2021-08-21 00:20:33','2021-08-21 22:20:37',2,1,90),(138,'2021-08-21 00:21:10','2021-08-21 00:21:10',NULL,2,91),(139,'2021-08-21 00:21:11','2021-08-21 00:21:11',NULL,1,91),(140,'2021-08-21 00:21:19','2021-08-22 21:48:08',NULL,2,92),(141,'2021-08-21 00:21:24','2021-08-21 00:21:24',NULL,1,92),(142,'2021-08-21 00:37:30','2021-08-21 00:37:30',NULL,2,93),(143,'2021-08-21 15:35:21','2021-08-21 15:35:21',NULL,2,94),(144,'2021-08-21 16:03:13','2021-08-21 16:03:13',NULL,1,94),(145,'2021-08-21 16:03:13','2021-08-21 16:03:13',NULL,1,93),(146,'2021-08-22 14:48:14','2021-08-22 17:11:45',NULL,2,95),(148,'2021-08-22 17:06:43','2021-08-22 17:06:43',NULL,2,97),(149,'2021-08-22 21:48:23','2021-08-22 21:48:23',NULL,2,98),(150,'2021-08-22 22:37:07','2021-08-22 22:48:32',NULL,2,99),(151,'2021-08-23 15:07:51','2021-08-23 15:07:51',NULL,2,100),(152,'2021-08-23 15:09:37','2021-08-23 15:09:37',NULL,1,100),(153,'2021-08-23 15:09:37','2021-08-23 15:09:37',NULL,1,99),(154,'2021-08-23 15:09:37','2021-08-23 15:09:37',NULL,1,98),(155,'2021-08-23 15:09:37','2021-08-23 15:09:37',NULL,1,97),(156,'2021-08-23 15:09:37','2021-08-23 15:09:37',NULL,1,95),(157,'2021-08-23 15:09:50','2021-08-23 15:09:50',NULL,1,101),(158,'2021-08-23 15:16:19','2021-08-23 15:16:19',NULL,2,101),(159,'2021-08-25 22:12:52','2021-08-26 21:21:45',NULL,2,102),(160,'2021-08-27 21:18:40','2021-08-27 21:18:40',NULL,2,103),(161,'2021-08-27 21:24:35','2021-08-27 21:24:35',NULL,2,104),(162,'2021-08-27 21:26:42','2021-08-27 21:26:42',NULL,2,105),(163,'2021-08-27 21:51:24','2021-08-27 21:51:24',NULL,2,106),(164,'2021-08-27 22:00:13','2021-08-27 22:00:13',NULL,2,107),(165,'2021-08-27 22:17:22','2021-08-27 22:17:22',NULL,2,108),(166,'2021-08-27 23:03:28','2021-08-27 23:03:28',NULL,2,109),(167,'2021-08-27 23:04:31','2021-08-27 23:04:31',NULL,2,110),(168,'2021-08-27 23:06:22','2021-08-27 23:06:22',NULL,2,111),(169,'2021-08-27 23:09:51','2021-08-27 23:09:51',NULL,2,112),(170,'2021-08-27 23:13:06','2021-08-27 23:13:06',NULL,2,113),(171,'2021-08-27 23:15:23','2021-08-27 23:15:23',NULL,2,114),(172,'2021-08-27 23:20:01','2021-08-27 23:20:01',NULL,2,115),(173,'2021-08-27 23:24:19','2021-08-27 23:24:19',NULL,2,116),(174,'2021-08-27 23:34:08','2021-08-27 23:34:08',NULL,2,117),(175,'2021-08-27 23:34:36','2021-08-27 23:34:36',NULL,2,118),(176,'2021-08-27 23:39:24','2021-08-28 08:19:21',NULL,2,119),(177,'2021-08-27 23:48:48','2021-08-28 08:07:02',4,2,120),(178,'2021-08-28 08:24:15','2021-08-28 08:24:15',NULL,2,121),(179,'2021-08-28 08:25:18','2021-08-28 08:25:18',NULL,2,122),(180,'2021-08-28 08:29:24','2021-08-28 08:29:24',NULL,2,123),(181,'2021-08-28 08:37:47','2021-08-28 08:37:47',NULL,2,124),(182,'2021-08-28 08:38:22','2021-08-28 08:38:22',NULL,2,125),(183,'2021-08-28 08:40:32','2021-08-28 08:40:32',NULL,2,126),(184,'2021-08-28 08:41:52','2021-08-28 08:41:52',NULL,2,127),(185,'2021-08-28 08:41:56','2021-08-28 08:41:56',NULL,2,128),(186,'2021-08-28 08:44:27','2021-08-28 08:44:27',NULL,2,129),(187,'2021-08-29 23:48:32','2021-08-29 23:48:32',NULL,1,129),(188,'2021-08-29 23:48:32','2021-08-29 23:48:32',NULL,1,128),(189,'2021-08-29 23:48:32','2021-08-29 23:48:32',NULL,1,127),(190,'2021-08-29 23:48:32','2021-08-29 23:48:32',NULL,1,126),(191,'2021-08-29 23:48:32','2021-08-29 23:48:32',NULL,1,125),(192,'2021-08-29 23:48:32','2021-08-29 23:48:32',NULL,1,124),(193,'2021-08-29 23:48:32','2021-08-29 23:48:32',NULL,1,123),(194,'2021-08-29 23:48:32','2021-08-29 23:48:32',NULL,1,122),(195,'2021-08-29 23:48:32','2021-08-29 23:48:32',NULL,1,121),(196,'2021-08-29 23:48:32','2021-08-29 23:48:32',NULL,1,120),(197,'2021-08-29 23:48:32','2021-08-29 23:48:32',NULL,1,119),(198,'2021-08-29 23:48:32','2021-08-29 23:48:32',NULL,1,118),(199,'2021-08-29 23:48:32','2021-08-29 23:48:32',NULL,1,117),(200,'2021-08-29 23:48:32','2021-08-29 23:48:32',NULL,1,116),(201,'2021-08-29 23:48:32','2021-08-29 23:48:32',NULL,1,115),(202,'2021-08-29 23:48:32','2021-08-29 23:48:32',NULL,1,114),(203,'2021-08-29 23:48:32','2021-08-29 23:48:32',NULL,1,113),(204,'2021-08-29 23:48:32','2021-08-29 23:48:32',NULL,1,112),(205,'2021-08-29 23:48:32','2021-08-29 23:48:32',NULL,1,111),(206,'2021-08-29 23:48:32','2021-08-29 23:48:32',NULL,1,110),(207,'2021-08-29 23:48:32','2021-08-29 23:48:32',NULL,1,109),(208,'2021-08-29 23:48:32','2021-08-29 23:48:32',NULL,1,108),(209,'2021-08-29 23:48:32','2021-08-29 23:48:32',NULL,1,107),(210,'2021-08-29 23:48:32','2021-08-29 23:48:32',NULL,1,106),(211,'2021-08-29 23:48:32','2021-08-29 23:48:32',NULL,1,105),(212,'2021-08-29 23:48:32','2021-08-29 23:48:32',NULL,1,104),(213,'2021-08-29 23:48:32','2021-08-29 23:48:32',NULL,1,103),(214,'2021-08-31 14:08:41','2021-08-31 14:08:41',NULL,3,37),(215,'2021-08-31 14:08:41','2021-08-31 14:08:41',NULL,3,33),(216,'2021-08-31 14:08:41','2021-08-31 14:08:41',NULL,3,32),(217,'2021-08-31 14:08:41','2021-08-31 14:08:41',NULL,3,30),(218,'2021-08-31 14:08:41','2021-08-31 14:08:41',NULL,3,29);
/*!40000 ALTER TABLE `message_detail` ENABLE KEYS */;
UNLOCK TABLES;

--
-- Table structure for table `messenger`
--

DROP TABLE IF EXISTS `messenger`;
/*!40101 SET @saved_cs_client     = @@character_set_client */;
/*!50503 SET character_set_client = utf8mb4 */;
CREATE TABLE `messenger` (
  `id` bigint NOT NULL AUTO_INCREMENT,
  `created_at` timestamp NULL DEFAULT CURRENT_TIMESTAMP,
  `updated_at` timestamp NULL DEFAULT CURRENT_TIMESTAMP ON UPDATE CURRENT_TIMESTAMP,
  `nick_name` varchar(255) DEFAULT NULL,
  `chat_box_id` bigint DEFAULT NULL,
  `user_id` bigint DEFAULT NULL,
  PRIMARY KEY (`id`),
  UNIQUE KEY `chat_box_user_index` (`chat_box_id`,`user_id`),
  KEY `FKjd8noe30g6xsx3ej87ept4aog` (`user_id`),
  CONSTRAINT `FKjd8noe30g6xsx3ej87ept4aog` FOREIGN KEY (`user_id`) REFERENCES `user` (`id`),
  CONSTRAINT `messenger_FK` FOREIGN KEY (`chat_box_id`) REFERENCES `chat_box` (`id`)
) ENGINE=InnoDB AUTO_INCREMENT=5 DEFAULT CHARSET=utf8mb4 COLLATE=utf8mb4_0900_ai_ci;
/*!40101 SET character_set_client = @saved_cs_client */;

--
-- Dumping data for table `messenger`
--

LOCK TABLES `messenger` WRITE;
/*!40000 ALTER TABLE `messenger` DISABLE KEYS */;
INSERT INTO `messenger` VALUES (1,NULL,NULL,NULL,1,1),(2,NULL,NULL,NULL,1,2),(3,NULL,NULL,NULL,2,3),(4,NULL,NULL,NULL,2,1);
/*!40000 ALTER TABLE `messenger` ENABLE KEYS */;
UNLOCK TABLES;

--
-- Table structure for table `notification`
--

DROP TABLE IF EXISTS `notification`;
/*!40101 SET @saved_cs_client     = @@character_set_client */;
/*!50503 SET character_set_client = utf8mb4 */;
CREATE TABLE `notification` (
  `id` bigint NOT NULL AUTO_INCREMENT,
  `user_id` bigint DEFAULT NULL,
  `content` varchar(255) DEFAULT NULL,
  `seen` tinyint(1) DEFAULT NULL,
  `created_at` timestamp NULL DEFAULT CURRENT_TIMESTAMP,
  `updated_at` timestamp NULL DEFAULT CURRENT_TIMESTAMP ON UPDATE CURRENT_TIMESTAMP,
  PRIMARY KEY (`id`),
  KEY `Notification_FK` (`user_id`),
  CONSTRAINT `Notification_FK` FOREIGN KEY (`user_id`) REFERENCES `user` (`id`)
) ENGINE=InnoDB DEFAULT CHARSET=utf8mb4 COLLATE=utf8mb4_0900_ai_ci;
/*!40101 SET character_set_client = @saved_cs_client */;

--
-- Dumping data for table `notification`
--

LOCK TABLES `notification` WRITE;
/*!40000 ALTER TABLE `notification` DISABLE KEYS */;
/*!40000 ALTER TABLE `notification` ENABLE KEYS */;
UNLOCK TABLES;

--
-- Table structure for table `reaction`
--

DROP TABLE IF EXISTS `reaction`;
/*!40101 SET @saved_cs_client     = @@character_set_client */;
/*!50503 SET character_set_client = utf8mb4 */;
CREATE TABLE `reaction` (
  `id` bigint NOT NULL AUTO_INCREMENT,
  `created_at` timestamp NULL DEFAULT CURRENT_TIMESTAMP,
  `updated_at` timestamp NULL DEFAULT CURRENT_TIMESTAMP ON UPDATE CURRENT_TIMESTAMP,
  `code` varchar(255) DEFAULT NULL,
  `name` varchar(255) DEFAULT NULL,
  PRIMARY KEY (`id`)
) ENGINE=InnoDB AUTO_INCREMENT=6 DEFAULT CHARSET=utf8mb4 COLLATE=utf8mb4_0900_ai_ci;
/*!40101 SET character_set_client = @saved_cs_client */;

--
-- Dumping data for table `reaction`
--

LOCK TABLES `reaction` WRITE;
/*!40000 ALTER TABLE `reaction` DISABLE KEYS */;
INSERT INTO `reaction` VALUES (1,NULL,NULL,'heart','Yêu thích'),(2,NULL,NULL,'haha','Haha'),(3,NULL,NULL,'wow','Ngạc nhiên'),(4,NULL,NULL,'sad','Buồn'),(5,NULL,NULL,'angry','Phẫn nộ');
/*!40000 ALTER TABLE `reaction` ENABLE KEYS */;
UNLOCK TABLES;

--
-- Table structure for table `user`
--

DROP TABLE IF EXISTS `user`;
/*!40101 SET @saved_cs_client     = @@character_set_client */;
/*!50503 SET character_set_client = utf8mb4 */;
CREATE TABLE `user` (
  `id` bigint NOT NULL AUTO_INCREMENT,
  `created_at` timestamp NULL DEFAULT CURRENT_TIMESTAMP,
  `updated_at` timestamp NULL DEFAULT CURRENT_TIMESTAMP ON UPDATE CURRENT_TIMESTAMP,
  `email` varchar(255) CHARACTER SET utf8mb4 COLLATE utf8mb4_0900_ai_ci DEFAULT NULL,
  `name` varchar(255) DEFAULT NULL,
  `password` varchar(255) DEFAULT NULL,
  `username` varchar(255) DEFAULT NULL,
  `avatar` json DEFAULT NULL,
  `last_online` datetime DEFAULT NULL,
  `online` tinyint(1) DEFAULT NULL,
  PRIMARY KEY (`id`)
) ENGINE=InnoDB AUTO_INCREMENT=4 DEFAULT CHARSET=utf8mb4 COLLATE=utf8mb4_0900_ai_ci;
/*!40101 SET character_set_client = @saved_cs_client */;

--
-- Dumping data for table `user`
--

LOCK TABLES `user` WRITE;
/*!40000 ALTER TABLE `user` DISABLE KEYS */;
INSERT INTO `user` VALUES (1,'2021-08-15 08:41:43','2021-08-15 08:41:43','Bình Phú','Nguyễn Huy Trường','$2a$10$ezfeME7Ztk/cEXMfUfWre.8nE73B0emMZL48IREPXWOAWlGCL7mlC','truong02.bp','1',NULL,1),(2,'2021-08-15 15:40:54','2021-08-30 22:14:18','Nam Định','Hoàng Thái Sơn','$2a$10$WxjsZt0.eSK1f1bTdauk1u5wRyUBzXyvpATEGiYZLKrsKd8GGC.Da','son','2','2021-08-30 00:22:51',1),(3,'2021-08-16 11:03:52','2021-08-31 14:08:39','Ninh Bình','Phạm Hồng Thái','$2a$10$ipzewlJ/LR5pzU8nKwBvt.cNjDdfaG87RW6Jq3etYn9lyjQjlHlY6','thai','2','2021-08-31 14:08:37',1);
/*!40000 ALTER TABLE `user` ENABLE KEYS */;
UNLOCK TABLES;

--
-- Dumping routines for database 'chat-app'
--
/*!40103 SET TIME_ZONE=@OLD_TIME_ZONE */;

/*!40101 SET SQL_MODE=@OLD_SQL_MODE */;
/*!40014 SET FOREIGN_KEY_CHECKS=@OLD_FOREIGN_KEY_CHECKS */;
/*!40014 SET UNIQUE_CHECKS=@OLD_UNIQUE_CHECKS */;
/*!40101 SET CHARACTER_SET_CLIENT=@OLD_CHARACTER_SET_CLIENT */;
/*!40101 SET CHARACTER_SET_RESULTS=@OLD_CHARACTER_SET_RESULTS */;
/*!40101 SET COLLATION_CONNECTION=@OLD_COLLATION_CONNECTION */;
/*!40111 SET SQL_NOTES=@OLD_SQL_NOTES */;

-- Dump completed on 2021-09-17  3:11:00
